{"cameraMode":{"drawMode":0,"name":"Shaded","section":"Shading Mode"},"sceneLighting":false,"audioPlay":false,"sceneViewState":{"m_AlwaysRefresh":false,"showFog":true,"showSkybox":false,"showFlares":true,"showImageEffects":true,"showParticleSystems":true,"showVisualEffectGraphs":true,"m_FxEnabled":true},"in2DMode":false,"pivot":{"x":-0.21279335021972657,"y":5.983205795288086,"z":-0.35779476165771487},"rotation":{"x":0.048520807176828387,"y":0.6410743594169617,"z":-0.040606942027807239,"w":0.7649762034416199},"size":5.863304138183594,"orthographic":false}