{"cameraMode":{"drawMode":0,"name":"Shaded","section":"Shading Mode"},"sceneLighting":false,"audioPlay":false,"sceneViewState":{"m_AlwaysRefresh":false,"showFog":true,"showSkybox":false,"showFlares":true,"showImageEffects":true,"showParticleSystems":true,"showVisualEffectGraphs":true,"m_FxEnabled":true},"in2DMode":false,"pivot":{"x":-0.048499107360839847,"y":5.712438583374023,"z":-0.2855987548828125},"rotation":{"x":0.16387982666492463,"y":0.41584306955337527,"z":-0.07642166316509247,"w":0.8913715481758118},"size":10.942792892456055,"orthographic":false}